sensor_id;sensor_type;location;lat;lon;timestamp;pressure;altitude;pressure_sealevel;temperature;humidity
141;BME280;65;48.778;9.160;2020-01-01T00:00:28;100101.00;;;4.28;78.38
141;BME280;65;48.778;9.160;2020-01-01T00:02:55;100101.00;;;4.13;78.62
141;BME280;65;48.778;9.160;2020-01-01T00:05:20;100099.00;;;4.16;78.67
141;BME280;65;48.778;9.160;2020-01-01T00:07:46;100097.00;;;4.03;79.82
141;BME280;65;48.778;9.160;2020-01-01T00:10:12;100101.00;;;4.05;79.84
141;BME280;65;48.778;9.160;2020-01-01T00:13:03;100104.00;;;4.01;80.57
141;BME280;65;48.778;9.160;2020-01-01T00:15:32;100100.00;;;4.06;80.43
141;BME280;65;48.778;9.160;2020-01-01T00:17:58;100093.00;;;4.11;79.88
141;BME280;65;48.778;9.160;2020-01-01T00:20:24;100094.00;;;4.14;79.78
141;BME280;65;48.778;9.160;2020-01-01T00:22:50;100097.00;;;4.18;80.45
141;BME280;65;48.778;9.160;2020-01-01T00:25:16;100099.00;;;4.42;78.84
141;BME280;65;48.778;9.160;2020-01-01T00:27:42;100102.00;;;4.50;77.93
141;BME280;65;48.778;9.160;2020-01-01T00:30:08;100093.00;;;4.54;77.71
141;BME280;65;48.778;9.160;2020-01-01T00:32:33;100088.00;;;4.63;77.86
141;BME280;65;48.778;9.160;2020-01-01T00:34:59;100072.00;;;4.63;76.66
141;BME280;65;48.778;9.160;2020-01-01T00:37:25;100080.00;;;4.58;77.43
141;BME280;65;48.778;9.160;2020-01-01T00:39:50;100081.00;;;4.36;78.61
141;BME280;65;48.778;9.160;2020-01-01T00:42:16;100080.00;;;4.46;78.20
141;BME280;65;48.778;9.160;2020-01-01T00:44:42;100073.00;;;4.45;78.29
141;BME280;65;48.778;9.160;2020-01-01T00:47:08;100075.00;;;4.37;79.08
141;BME280;65;48.778;9.160;2020-01-01T00:49:33;100083.00;;;4.23;79.69
141;BME280;65;48.778;9.160;2020-01-01T00:51:59;100089.00;;;4.15;80.03
141;BME280;65;48.778;9.160;2020-01-01T00:54:25;100088.00;;;4.34;79.46
141;BME280;65;48.778;9.160;2020-01-01T00:56:50;100078.00;;;4.39;78.83
141;BME280;65;48.778;9.160;2020-01-01T00:59:16;100084.00;;;4.17;80.45
141;BME280;65;48.778;9.160;2020-01-01T01:01:42;100090.00;;;4.08;80.22
141;BME280;65;48.778;9.160;2020-01-01T01:04:10;100079.00;;;4.06;81.33
141;BME280;65;48.778;9.160;2020-01-01T01:06:44;100079.00;;;4.30;80.23
141;BME280;65;48.778;9.160;2020-01-01T01:09:12;100078.00;;;4.30;79.16
141;BME280;65;48.778;9.160;2020-01-01T01:11:38;100080.00;;;4.43;78.38
141;BME280;65;48.778;9.160;2020-01-01T01:14:04;100075.00;;;4.40;78.02
141;BME280;65;48.778;9.160;2020-01-01T01:16:30;100086.00;;;4.24;79.25
141;BME280;65;48.778;9.160;2020-01-01T01:18:55;100087.00;;;4.31;78.43
141;BME280;65;48.778;9.160;2020-01-01T01:21:21;100096.00;;;4.30;78.22
141;BME280;65;48.778;9.160;2020-01-01T01:23:47;100086.00;;;4.23;78.34
141;BME280;65;48.778;9.160;2020-01-01T01:26:12;100088.00;;;4.19;78.25
141;BME280;65;48.778;9.160;2020-01-01T01:28:38;100083.00;;;4.13;77.64
141;BME280;65;48.778;9.160;2020-01-01T01:31:50;100095.00;;;4.06;78.63
141;BME280;65;48.778;9.160;2020-01-01T01:34:16;100097.00;;;4.00;78.83
141;BME280;65;48.778;9.160;2020-01-01T01:36:42;100083.00;;;3.99;78.97
141;BME280;65;48.778;9.160;2020-01-01T01:39:19;100083.00;;;3.85;79.37
141;BME280;65;48.778;9.160;2020-01-01T01:41:45;100088.00;;;3.44;81.84
141;BME280;65;48.778;9.160;2020-01-01T01:44:11;100090.00;;;3.43;81.87
141;BME280;65;48.778;9.160;2020-01-01T01:46:36;100087.00;;;3.44;81.89
141;BME280;65;48.778;9.160;2020-01-01T01:49:02;100097.00;;;3.50;82.15
141;BME280;65;48.778;9.160;2020-01-01T01:51:28;100089.00;;;3.51;81.95
141;BME280;65;48.778;9.160;2020-01-01T01:53:53;100098.00;;;3.39;82.87
141;BME280;65;48.778;9.160;2020-01-01T01:56:19;100108.00;;;3.29;83.66
141;BME280;65;48.778;9.160;2020-01-01T01:58:45;100102.00;;;3.30;83.85
141;BME280;65;48.778;9.160;2020-01-01T02:01:11;100108.00;;;3.51;82.67
141;BME280;65;48.778;9.160;2020-01-01T02:03:37;100107.00;;;3.56;82.42
141;BME280;65;48.778;9.160;2020-01-01T02:06:03;100109.00;;;3.57;82.18
141;BME280;65;48.778;9.160;2020-01-01T02:08:28;100113.00;;;3.60;82.08
141;BME280;65;48.778;9.160;2020-01-01T02:10:54;100109.00;;;3.61;82.01
141;BME280;65;48.778;9.160;2020-01-01T02:13:20;100108.00;;;3.53;82.28
141;BME280;65;48.778;9.160;2020-01-01T02:15:45;100115.00;;;3.48;83.26
141;BME280;65;48.778;9.160;2020-01-01T02:18:11;100112.00;;;3.67;81.98
141;BME280;65;48.778;9.160;2020-01-01T02:20:37;100121.00;;;3.64;81.76
141;BME280;65;48.778;9.160;2020-01-01T02:23:03;100110.00;;;3.69;81.82
141;BME280;65;48.778;9.160;2020-01-01T02:25:28;100109.00;;;3.61;81.69
141;BME280;65;48.778;9.160;2020-01-01T02:27:54;100103.00;;;3.30;84.29
141;BME280;65;48.778;9.160;2020-01-01T02:30:20;100106.00;;;3.47;82.34
141;BME280;65;48.778;9.160;2020-01-01T02:32:45;100102.00;;;3.46;81.77
141;BME280;65;48.778;9.160;2020-01-01T02:35:11;100104.00;;;3.41;82.35
141;BME280;65;48.778;9.160;2020-01-01T02:37:37;100099.00;;;3.38;82.93
141;BME280;65;48.778;9.160;2020-01-01T02:40:03;100090.00;;;3.43;82.69
141;BME280;65;48.778;9.160;2020-01-01T02:42:28;100086.00;;;3.12;83.71
141;BME280;65;48.778;9.160;2020-01-01T02:44:54;100076.00;;;3.12;84.89
141;BME280;65;48.778;9.160;2020-01-01T02:47:19;100083.00;;;3.35;83.66
141;BME280;65;48.778;9.160;2020-01-01T02:49:45;100081.00;;;3.26;83.65
141;BME280;65;48.778;9.160;2020-01-01T02:52:11;100081.00;;;2.96;85.81
141;BME280;65;48.778;9.160;2020-01-01T02:54:36;100081.00;;;3.03;86.32
141;BME280;65;48.778;9.160;2020-01-01T02:57:02;100080.00;;;2.88;86.77
141;BME280;65;48.778;9.160;2020-01-01T02:59:28;100074.00;;;2.80;87.70
141;BME280;65;48.778;9.160;2020-01-01T03:01:53;100065.00;;;2.72;89.12
141;BME280;65;48.778;9.160;2020-01-01T03:04:19;100074.00;;;2.83;88.69
141;BME280;65;48.778;9.160;2020-01-01T03:06:45;100080.00;;;2.85;87.56
141;BME280;65;48.778;9.160;2020-01-01T03:09:10;100068.00;;;2.79;88.04
141;BME280;65;48.778;9.160;2020-01-01T03:11:36;100066.00;;;2.88;87.68
141;BME280;65;48.778;9.160;2020-01-01T03:14:02;100070.00;;;2.85;88.19
141;BME280;65;48.778;9.160;2020-01-01T03:16:27;100071.00;;;2.87;87.95
141;BME280;65;48.778;9.160;2020-01-01T03:18:53;100084.00;;;2.89;87.95
141;BME280;65;48.778;9.160;2020-01-01T03:21:18;100069.00;;;3.21;87.05
141;BME280;65;48.778;9.160;2020-01-01T03:23:44;100067.00;;;3.23;85.76
141;BME280;65;48.778;9.160;2020-01-01T03:26:14;100051.00;;;3.38;85.40
141;BME280;65;48.778;9.160;2020-01-01T03:29:22;100050.00;;;3.47;84.66
141;BME280;65;48.778;9.160;2020-01-01T03:31:47;100055.00;;;3.54;84.35
141;BME280;65;48.778;9.160;2020-01-01T03:34:13;100059.00;;;3.60;83.94
141;BME280;65;48.778;9.160;2020-01-01T03:36:38;100064.00;;;3.68;83.36
141;BME280;65;48.778;9.160;2020-01-01T03:39:04;100058.00;;;3.71;82.82
141;BME280;65;48.778;9.160;2020-01-01T03:41:30;100057.00;;;3.73;82.85
141;BME280;65;48.778;9.160;2020-01-01T03:43:55;100054.00;;;3.43;84.37
141;BME280;65;48.778;9.160;2020-01-01T03:47:04;100046.00;;;3.76;83.01
141;BME280;65;48.778;9.160;2020-01-01T03:49:37;100050.00;;;3.33;85.58
141;BME280;65;48.778;9.160;2020-01-01T03:55:35;100048.00;;;3.52;84.03
141;BME280;65;48.778;9.160;2020-01-01T03:58:04;100047.00;;;3.67;83.89
141;BME280;65;48.778;9.160;2020-01-01T04:00:32;100046.00;;;3.74;83.36
141;BME280;65;48.778;9.160;2020-01-01T04:02:57;100046.00;;;3.73;83.47
141;BME280;65;48.778;9.160;2020-01-01T04:05:41;100041.00;;;3.65;84.64
141;BME280;65;48.778;9.160;2020-01-01T04:08:22;100043.00;;;3.30;86.63
141;BME280;65;48.778;9.160;2020-01-01T04:10:47;100038.00;;;3.46;85.72
141;BME280;65;48.778;9.160;2020-01-01T04:13:15;100036.00;;;3.45;84.28
141;BME280;65;48.778;9.160;2020-01-01T04:15:41;100029.00;;;3.36;84.86
141;BME280;65;48.778;9.160;2020-01-01T04:18:11;100035.00;;;3.30;85.42
141;BME280;65;48.778;9.160;2020-01-01T04:20:37;100039.00;;;3.22;86.29
141;BME280;65;48.778;9.160;2020-01-01T04:23:03;100028.00;;;3.48;85.04
141;BME280;65;48.778;9.160;2020-01-01T04:25:28;100037.00;;;3.64;83.30
141;BME280;65;48.778;9.160;2020-01-01T04:27:54;100024.00;;;3.60;83.00
141;BME280;65;48.778;9.160;2020-01-01T04:30:19;100027.00;;;3.49;83.99
141;BME280;65;48.778;9.160;2020-01-01T04:32:45;100021.00;;;3.45;84.66
141;BME280;65;48.778;9.160;2020-01-01T04:35:11;100024.00;;;3.38;85.27
141;BME280;65;48.778;9.160;2020-01-01T04:37:36;100019.00;;;3.38;84.65
141;BME280;65;48.778;9.160;2020-01-01T04:40:02;100013.00;;;3.49;84.20
141;BME280;65;48.778;9.160;2020-01-01T04:42:28;100020.00;;;3.57;83.91
141;BME280;65;48.778;9.160;2020-01-01T04:44:54;100012.00;;;3.60;83.51
141;BME280;65;48.778;9.160;2020-01-01T04:47:19;100015.00;;;3.67;83.47
141;BME280;65;48.778;9.160;2020-01-01T04:49:45;100018.00;;;3.56;82.88
141;BME280;65;48.778;9.160;2020-01-01T04:52:10;100021.00;;;3.65;83.32
141;BME280;65;48.778;9.160;2020-01-01T04:54:36;100016.00;;;3.56;83.59
141;BME280;65;48.778;9.160;2020-01-01T04:57:02;100014.00;;;3.38;84.69
141;BME280;65;48.778;9.160;2020-01-01T04:59:27;100008.00;;;3.36;84.76
141;BME280;65;48.778;9.160;2020-01-01T05:01:53;100013.00;;;3.30;85.01
141;BME280;65;48.778;9.160;2020-01-01T05:04:19;100020.00;;;3.17;85.55
141;BME280;65;48.778;9.160;2020-01-01T05:06:44;100014.00;;;3.19;85.82
141;BME280;65;48.778;9.160;2020-01-01T05:09:11;100012.00;;;3.12;85.83
141;BME280;65;48.778;9.160;2020-01-01T05:11:37;100015.00;;;3.08;85.62
141;BME280;65;48.778;9.160;2020-01-01T05:14:03;100025.00;;;3.01;85.95
141;BME280;65;48.778;9.160;2020-01-01T05:16:29;100023.00;;;3.02;85.44
141;BME280;65;48.778;9.160;2020-01-01T05:18:55;100011.00;;;3.10;85.08
141;BME280;65;48.778;9.160;2020-01-01T05:21:20;100009.00;;;3.12;84.70
141;BME280;65;48.778;9.160;2020-01-01T05:23:46;100014.00;;;2.76;86.41
141;BME280;65;48.778;9.160;2020-01-01T05:26:12;100024.00;;;2.63;87.77
141;BME280;65;48.778;9.160;2020-01-01T05:28:37;100022.00;;;2.48;88.53
141;BME280;65;48.778;9.160;2020-01-01T05:31:03;100015.00;;;2.45;88.97
141;BME280;65;48.778;9.160;2020-01-01T05:33:29;100018.00;;;2.41;89.29
141;BME280;65;48.778;9.160;2020-01-01T05:35:55;100005.00;;;2.52;88.35
141;BME280;65;48.778;9.160;2020-01-01T05:38:20;100015.00;;;2.38;89.28
141;BME280;65;48.778;9.160;2020-01-01T05:40:46;100018.00;;;2.38;90.13
141;BME280;65;48.778;9.160;2020-01-01T05:43:12;100014.00;;;2.55;89.14
141;BME280;65;48.778;9.160;2020-01-01T05:45:37;100011.00;;;2.71;88.18
141;BME280;65;48.778;9.160;2020-01-01T05:48:03;100014.00;;;2.54;88.51
141;BME280;65;48.778;9.160;2020-01-01T05:50:29;100019.00;;;2.49;88.53
141;BME280;65;48.778;9.160;2020-01-01T05:52:54;100030.00;;;2.42;89.69
141;BME280;65;48.778;9.160;2020-01-01T05:55:20;100033.00;;;2.49;88.91
141;BME280;65;48.778;9.160;2020-01-01T05:57:46;100024.00;;;2.63;88.48
141;BME280;65;48.778;9.160;2020-01-01T06:00:11;100033.00;;;2.53;88.45
141;BME280;65;48.778;9.160;2020-01-01T06:02:37;100031.00;;;2.29;89.04
141;BME280;65;48.778;9.160;2020-01-01T06:05:03;100037.00;;;2.05;91.88
141;BME280;65;48.778;9.160;2020-01-01T06:07:28;100030.00;;;2.15;91.87
141;BME280;65;48.778;9.160;2020-01-01T06:09:54;100030.00;;;2.39;90.71
141;BME280;65;48.778;9.160;2020-01-01T06:12:19;100037.00;;;2.40;89.10
141;BME280;65;48.778;9.160;2020-01-01T06:14:45;100047.00;;;2.45;89.06
141;BME280;65;48.778;9.160;2020-01-01T06:17:11;100047.00;;;2.50;87.69
141;BME280;65;48.778;9.160;2020-01-01T06:19:37;100033.00;;;2.21;88.62
141;BME280;65;48.778;9.160;2020-01-01T06:22:02;100044.00;;;2.23;89.28
141;BME280;65;48.778;9.160;2020-01-01T06:24:28;100038.00;;;2.18;89.18
141;BME280;65;48.778;9.160;2020-01-01T06:26:54;100044.00;;;2.25;88.68
141;BME280;65;48.778;9.160;2020-01-01T06:29:19;100039.00;;;2.23;88.90
141;BME280;65;48.778;9.160;2020-01-01T06:31:45;100041.00;;;2.20;89.38
141;BME280;65;48.778;9.160;2020-01-01T06:34:11;100043.00;;;2.18;89.59
141;BME280;65;48.778;9.160;2020-01-01T06:36:36;100047.00;;;2.26;89.26
141;BME280;65;48.778;9.160;2020-01-01T06:39:03;100045.00;;;1.91;90.09
141;BME280;65;48.778;9.160;2020-01-01T06:41:29;100046.00;;;1.89;90.54
141;BME280;65;48.778;9.160;2020-01-01T06:43:54;100046.00;;;1.63;92.50
141;BME280;65;48.778;9.160;2020-01-01T06:46:20;100047.00;;;1.64;92.96
141;BME280;65;48.778;9.160;2020-01-01T06:48:45;100052.00;;;1.70;93.20
141;BME280;65;48.778;9.160;2020-01-01T06:51:11;100051.00;;;1.87;92.25
141;BME280;65;48.778;9.160;2020-01-01T06:53:37;100041.00;;;1.73;92.45
141;BME280;65;48.778;9.160;2020-01-01T06:56:02;100034.00;;;1.85;91.95
141;BME280;65;48.778;9.160;2020-01-01T06:58:28;100046.00;;;1.95;91.62
141;BME280;65;48.778;9.160;2020-01-01T07:00:54;100044.00;;;1.71;91.91
141;BME280;65;48.778;9.160;2020-01-01T07:03:19;100043.00;;;1.56;93.84
141;BME280;65;48.778;9.160;2020-01-01T07:05:45;100037.00;;;1.55;94.25
141;BME280;65;48.778;9.160;2020-01-01T07:08:11;100037.00;;;1.43;94.74
141;BME280;65;48.778;9.160;2020-01-01T07:10:36;100035.00;;;1.37;95.99
141;BME280;65;48.778;9.160;2020-01-01T07:13:02;100040.00;;;1.23;97.06
141;BME280;65;48.778;9.160;2020-01-01T07:15:27;100038.00;;;1.19;97.46
141;BME280;65;48.778;9.160;2020-01-01T07:17:53;100044.00;;;1.27;97.86
141;BME280;65;48.778;9.160;2020-01-01T07:20:19;100036.00;;;1.25;97.07
141;BME280;65;48.778;9.160;2020-01-01T07:22:44;100036.00;;;1.39;96.93
141;BME280;65;48.778;9.160;2020-01-01T07:25:10;100048.00;;;1.49;95.89
141;BME280;65;48.778;9.160;2020-01-01T07:27:36;100049.00;;;1.51;95.68
141;BME280;65;48.778;9.160;2020-01-01T07:30:02;100055.00;;;1.56;95.25
141;BME280;65;48.778;9.160;2020-01-01T07:32:28;100058.00;;;1.76;94.08
141;BME280;65;48.778;9.160;2020-01-01T07:34:53;100057.00;;;1.62;93.72
141;BME280;65;48.778;9.160;2020-01-01T07:37:19;100053.00;;;1.68;93.96
141;BME280;65;48.778;9.160;2020-01-01T07:39:45;100062.00;;;1.51;93.98
141;BME280;65;48.778;9.160;2020-01-01T07:42:10;100065.00;;;1.59;93.93
141;BME280;65;48.778;9.160;2020-01-01T07:44:36;100061.00;;;1.96;92.38
141;BME280;65;48.778;9.160;2020-01-01T07:47:02;100060.00;;;1.62;92.70
141;BME280;65;48.778;9.160;2020-01-01T07:49:27;100049.00;;;1.53;93.53
141;BME280;65;48.778;9.160;2020-01-01T07:51:53;100061.00;;;1.37;95.75
141;BME280;65;48.778;9.160;2020-01-01T07:54:19;100060.00;;;1.56;94.94
141;BME280;65;48.778;9.160;2020-01-01T07:56:44;100057.00;;;1.39;95.92
141;BME280;65;48.778;9.160;2020-01-01T07:59:10;100067.00;;;1.60;94.70
141;BME280;65;48.778;9.160;2020-01-01T08:01:36;100067.00;;;1.53;95.20
141;BME280;65;48.778;9.160;2020-01-01T08:04:01;100075.00;;;1.44;95.23
141;BME280;65;48.778;9.160;2020-01-01T08:06:27;100061.00;;;1.54;94.73
141;BME280;65;48.778;9.160;2020-01-01T08:08:53;100061.00;;;1.73;94.15
141;BME280;65;48.778;9.160;2020-01-01T08:11:18;100068.00;;;1.68;93.74
141;BME280;65;48.778;9.160;2020-01-01T08:13:44;100073.00;;;1.61;93.78
141;BME280;65;48.778;9.160;2020-01-01T08:16:10;100068.00;;;1.55;95.08
141;BME280;65;48.778;9.160;2020-01-01T08:18:35;100066.00;;;1.51;95.67
141;BME280;65;48.778;9.160;2020-01-01T08:21:01;100060.00;;;1.42;95.67
141;BME280;65;48.778;9.160;2020-01-01T08:23:27;100061.00;;;1.32;96.55
141;BME280;65;48.778;9.160;2020-01-01T08:25:52;100064.00;;;1.43;95.57
141;BME280;65;48.778;9.160;2020-01-01T08:28:18;100057.00;;;1.51;95.27
141;BME280;65;48.778;9.160;2020-01-01T08:30:44;100063.00;;;1.58;95.26
141;BME280;65;48.778;9.160;2020-01-01T08:33:09;100061.00;;;1.64;95.38
141;BME280;65;48.778;9.160;2020-01-01T08:35:35;100061.00;;;1.68;94.89
141;BME280;65;48.778;9.160;2020-01-01T08:38:00;100061.00;;;1.97;93.05
141;BME280;65;48.778;9.160;2020-01-01T08:40:26;100068.00;;;1.92;92.31
141;BME280;65;48.778;9.160;2020-01-01T08:42:52;100084.00;;;1.98;92.49
141;BME280;65;48.778;9.160;2020-01-01T08:45:19;100084.00;;;2.08;92.90
141;BME280;65;48.778;9.160;2020-01-01T08:47:57;100084.00;;;2.14;91.29
141;BME280;65;48.778;9.160;2020-01-01T08:50:22;100094.00;;;2.03;91.58
141;BME280;65;48.778;9.160;2020-01-01T08:52:48;100092.00;;;1.88;92.27
141;BME280;65;48.778;9.160;2020-01-01T08:55:14;100101.00;;;2.13;90.16
141;BME280;65;48.778;9.160;2020-01-01T08:57:39;100094.00;;;2.08;89.14
141;BME280;65;48.778;9.160;2020-01-01T09:00:06;100111.00;;;2.08;89.43
141;BME280;65;48.778;9.160;2020-01-01T09:02:31;100113.00;;;2.00;88.98
141;BME280;65;48.778;9.160;2020-01-01T09:04:57;100108.00;;;1.76;91.75
141;BME280;65;48.778;9.160;2020-01-01T09:07:23;100107.00;;;1.70;91.08
141;BME280;65;48.778;9.160;2020-01-01T09:09:48;100112.00;;;1.85;89.73
141;BME280;65;48.778;9.160;2020-01-01T09:12:14;100116.00;;;1.97;89.28
141;BME280;65;48.778;9.160;2020-01-01T09:14:40;100115.00;;;1.95;88.49
141;BME280;65;48.778;9.160;2020-01-01T09:17:05;100119.00;;;2.08;87.95
141;BME280;65;48.778;9.160;2020-01-01T09:19:31;100107.00;;;1.78;89.98
141;BME280;65;48.778;9.160;2020-01-01T09:21:57;100105.00;;;1.80;90.72
141;BME280;65;48.778;9.160;2020-01-01T09:24:22;100101.00;;;1.90;90.64
141;BME280;65;48.778;9.160;2020-01-01T09:26:48;100109.00;;;2.01;89.12
141;BME280;65;48.778;9.160;2020-01-01T09:29:14;100107.00;;;2.01;89.58
141;BME280;65;48.778;9.160;2020-01-01T09:31:39;100114.00;;;2.12;90.07
141;BME280;65;48.778;9.160;2020-01-01T09:34:05;100106.00;;;2.21;89.19
141;BME280;65;48.778;9.160;2020-01-01T09:36:31;100092.00;;;2.41;90.31
141;BME280;65;48.778;9.160;2020-01-01T09:38:56;100096.00;;;2.85;89.69
141;BME280;65;48.778;9.160;2020-01-01T09:41:22;100097.00;;;3.72;84.09
141;BME280;65;48.778;9.160;2020-01-01T09:43:47;100102.00;;;4.75;78.56
141;BME280;65;48.778;9.160;2020-01-01T09:46:13;100100.00;;;5.58;72.58
141;BME280;65;48.778;9.160;2020-01-01T09:48:39;100104.00;;;5.54;70.80
141;BME280;65;48.778;9.160;2020-01-01T09:51:04;100105.00;;;5.33;71.36
141;BME280;65;48.778;9.160;2020-01-01T09:53:30;100096.00;;;4.80;73.13
141;BME280;65;48.778;9.160;2020-01-01T09:55:56;100100.00;;;4.22;76.56
141;BME280;65;48.778;9.160;2020-01-01T09:58:21;100083.00;;;4.04;78.06
141;BME280;65;48.778;9.160;2020-01-01T10:00:47;100072.00;;;3.91;78.78
141;BME280;65;48.778;9.160;2020-01-01T10:03:12;100064.00;;;3.80;78.54
141;BME280;65;48.778;9.160;2020-01-01T10:05:38;100074.00;;;3.65;80.22
141;BME280;65;48.778;9.160;2020-01-01T10:08:04;100076.00;;;3.62;80.85
141;BME280;65;48.778;9.160;2020-01-01T10:10:29;100080.00;;;3.61;81.35
141;BME280;65;48.778;9.160;2020-01-01T10:12:55;100081.00;;;3.46;82.71
141;BME280;65;48.778;9.160;2020-01-01T10:15:21;100079.00;;;3.80;80.87
141;BME280;65;48.778;9.160;2020-01-01T10:17:46;100062.00;;;3.81;80.04
141;BME280;65;48.778;9.160;2020-01-01T10:20:12;100054.00;;;3.77;80.49
141;BME280;65;48.778;9.160;2020-01-01T10:22:38;100045.00;;;3.74;81.02
141;BME280;65;48.778;9.160;2020-01-01T10:25:03;100050.00;;;3.62;82.21
141;BME280;65;48.778;9.160;2020-01-01T10:27:29;100045.00;;;3.62;82.60
141;BME280;65;48.778;9.160;2020-01-01T10:29:54;100044.00;;;3.69;82.81
141;BME280;65;48.778;9.160;2020-01-01T10:32:20;100042.00;;;3.71;82.57
141;BME280;65;48.778;9.160;2020-01-01T10:34:46;100038.00;;;3.81;82.23
141;BME280;65;48.778;9.160;2020-01-01T10:37:11;100036.00;;;3.87;81.73
141;BME280;65;48.778;9.160;2020-01-01T10:39:37;100040.00;;;3.91;81.40
141;BME280;65;48.778;9.160;2020-01-01T10:42:03;100036.00;;;3.98;81.39
141;BME280;65;48.778;9.160;2020-01-01T10:44:28;100039.00;;;4.17;80.38
141;BME280;65;48.778;9.160;2020-01-01T10:46:54;100034.00;;;4.20;80.17
141;BME280;65;48.778;9.160;2020-01-01T10:49:20;100022.00;;;4.21;80.04
141;BME280;65;48.778;9.160;2020-01-01T10:51:45;100022.00;;;4.30;79.52
141;BME280;65;48.778;9.160;2020-01-01T10:54:11;100024.00;;;4.31;79.50
141;BME280;65;48.778;9.160;2020-01-01T10:56:36;100023.00;;;4.33;79.54
141;BME280;65;48.778;9.160;2020-01-01T10:59:02;100015.00;;;4.39;79.75
141;BME280;65;48.778;9.160;2020-01-01T11:01:28;100005.00;;;4.44;79.08
141;BME280;65;48.778;9.160;2020-01-01T11:03:53;100001.00;;;4.49;79.05
141;BME280;65;48.778;9.160;2020-01-01T11:06:19;100001.00;;;4.62;78.51
141;BME280;65;48.778;9.160;2020-01-01T11:08:45;100003.00;;;4.60;78.52
141;BME280;65;48.778;9.160;2020-01-01T11:11:10;99997.00;;;4.66;78.48
141;BME280;65;48.778;9.160;2020-01-01T11:13:36;99989.00;;;4.62;78.37
141;BME280;65;48.778;9.160;2020-01-01T11:16:02;99992.00;;;4.72;78.41
141;BME280;65;48.778;9.160;2020-01-01T11:18:27;99998.00;;;4.79;77.62
141;BME280;65;48.778;9.160;2020-01-01T11:20:53;99997.00;;;4.83;77.88
141;BME280;65;48.778;9.160;2020-01-01T11:23:18;99985.00;;;4.81;77.38
141;BME280;65;48.778;9.160;2020-01-01T11:25:44;99986.00;;;4.81;77.47
141;BME280;65;48.778;9.160;2020-01-01T11:28:10;99983.00;;;4.93;77.21
141;BME280;65;48.778;9.160;2020-01-01T11:30:35;99970.00;;;4.95;77.26
141;BME280;65;48.778;9.160;2020-01-01T11:33:01;99974.00;;;5.15;76.53
141;BME280;65;48.778;9.160;2020-01-01T11:35:27;99975.00;;;5.19;76.21
141;BME280;65;48.778;9.160;2020-01-01T11:37:52;99968.00;;;5.16;76.22
141;BME280;65;48.778;9.160;2020-01-01T11:40:18;99975.00;;;5.22;76.06
141;BME280;65;48.778;9.160;2020-01-01T11:42:44;99960.00;;;5.44;74.97
141;BME280;65;48.778;9.160;2020-01-01T11:45:09;99961.00;;;5.56;74.84
141;BME280;65;48.778;9.160;2020-01-01T11:47:35;99964.00;;;5.74;73.51
141;BME280;65;48.778;9.160;2020-01-01T11:50:00;99950.00;;;5.82;72.83
141;BME280;65;48.778;9.160;2020-01-01T11:52:26;99955.00;;;6.00;72.74
141;BME280;65;48.778;9.160;2020-01-01T11:54:52;99955.00;;;6.29;71.63
141;BME280;65;48.778;9.160;2020-01-01T11:57:17;99960.00;;;6.47;70.10
141;BME280;65;48.778;9.160;2020-01-01T11:59:43;99949.00;;;6.87;68.52
141;BME280;65;48.778;9.160;2020-01-01T12:02:09;99941.00;;;7.17;66.68
141;BME280;65;48.778;9.160;2020-01-01T12:05:07;99933.00;;;7.13;65.51
141;BME280;65;48.778;9.160;2020-01-01T12:07:33;99937.00;;;7.09;68.02
141;BME280;65;48.778;9.160;2020-01-01T12:09:59;99928.00;;;7.28;66.16
141;BME280;65;48.778;9.160;2020-01-01T12:12:24;99934.00;;;7.49;65.48
141;BME280;65;48.778;9.160;2020-01-01T12:14:50;99921.00;;;7.31;65.29
141;BME280;65;48.778;9.160;2020-01-01T12:17:16;99916.00;;;7.23;65.91
141;BME280;65;48.778;9.160;2020-01-01T12:19:41;99912.00;;;6.78;68.42
141;BME280;65;48.778;9.160;2020-01-01T12:22:07;99909.00;;;6.78;68.86
141;BME280;65;48.778;9.160;2020-01-01T12:24:33;99913.00;;;6.94;69.63
141;BME280;65;48.778;9.160;2020-01-01T12:26:58;99900.00;;;7.21;66.59
141;BME280;65;48.778;9.160;2020-01-01T12:29:24;99901.00;;;7.50;66.32
141;BME280;65;48.778;9.160;2020-01-01T12:31:50;99894.00;;;8.37;63.86
141;BME280;65;48.778;9.160;2020-01-01T12:34:15;99886.00;;;8.86;61.69
141;BME280;65;48.778;9.160;2020-01-01T12:36:41;99881.00;;;8.59;60.54
141;BME280;65;48.778;9.160;2020-01-01T12:39:15;99886.00;;;8.25;62.49
141;BME280;65;48.778;9.160;2020-01-01T12:41:42;99879.00;;;8.18;63.51
141;BME280;65;48.778;9.160;2020-01-01T12:44:08;99874.00;;;8.47;62.35
141;BME280;65;48.778;9.160;2020-01-01T12:46:34;99875.00;;;8.65;61.52
141;BME280;65;48.778;9.160;2020-01-01T12:49:44;99873.00;;;8.64;61.10
141;BME280;65;48.778;9.160;2020-01-01T12:52:13;99876.00;;;8.70;61.67
141;BME280;65;48.778;9.160;2020-01-01T12:54:40;99874.00;;;8.56;60.51
141;BME280;65;48.778;9.160;2020-01-01T12:57:06;99880.00;;;8.19;63.25
141;BME280;65;48.778;9.160;2020-01-01T12:59:32;99873.00;;;7.91;63.53
141;BME280;65;48.778;9.160;2020-01-01T13:01:58;99875.00;;;7.90;63.15
141;BME280;65;48.778;9.160;2020-01-01T13:04:23;99873.00;;;7.86;64.20
141;BME280;65;48.778;9.160;2020-01-01T13:06:49;99865.00;;;7.88;64.24
141;BME280;65;48.778;9.160;2020-01-01T13:09:21;99865.00;;;7.94;65.33
141;BME280;65;48.778;9.160;2020-01-01T13:11:49;99875.00;;;7.75;64.55
141;BME280;65;48.778;9.160;2020-01-01T13:14:16;99867.00;;;7.72;64.43
141;BME280;65;48.778;9.160;2020-01-01T13:16:42;99863.00;;;7.71;64.44
141;BME280;65;48.778;9.160;2020-01-01T13:19:08;99874.00;;;7.61;65.08
141;BME280;65;48.778;9.160;2020-01-01T13:21:33;99877.00;;;7.41;65.93
141;BME280;65;48.778;9.160;2020-01-01T13:23:59;99873.00;;;7.31;66.46
141;BME280;65;48.778;9.160;2020-01-01T13:26:25;99867.00;;;7.35;66.34
141;BME280;65;48.778;9.160;2020-01-01T13:28:50;99864.00;;;7.16;67.32
141;BME280;65;48.778;9.160;2020-01-01T13:31:16;99868.00;;;7.12;67.70
141;BME280;65;48.778;9.160;2020-01-01T13:33:42;99865.00;;;7.21;67.33
141;BME280;65;48.778;9.160;2020-01-01T13:36:07;99863.00;;;7.26;67.36
141;BME280;65;48.778;9.160;2020-01-01T13:38:33;99866.00;;;7.14;67.66
141;BME280;65;48.778;9.160;2020-01-01T13:40:59;99860.00;;;7.28;67.69
141;BME280;65;48.778;9.160;2020-01-01T13:43:24;99865.00;;;7.27;67.35
141;BME280;65;48.778;9.160;2020-01-01T13:45:50;99873.00;;;7.26;67.16
141;BME280;65;48.778;9.160;2020-01-01T13:48:16;99862.00;;;7.29;67.07
141;BME280;65;48.778;9.160;2020-01-01T13:50:41;99866.00;;;7.19;67.49
141;BME280;65;48.778;9.160;2020-01-01T13:53:07;99855.00;;;7.06;68.59
141;BME280;65;48.778;9.160;2020-01-01T13:55:32;99861.00;;;7.05;68.23
141;BME280;65;48.778;9.160;2020-01-01T13:57:58;99866.00;;;7.11;68.43
141;BME280;65;48.778;9.160;2020-01-01T14:00:24;99867.00;;;7.16;68.22
141;BME280;65;48.778;9.160;2020-01-01T14:02:49;99858.00;;;7.16;68.63
141;BME280;65;48.778;9.160;2020-01-01T14:05:15;99860.00;;;7.15;69.15
141;BME280;65;48.778;9.160;2020-01-01T14:07:41;99868.00;;;7.09;69.00
141;BME280;65;48.778;9.160;2020-01-01T14:10:06;99863.00;;;7.11;69.33
141;BME280;65;48.778;9.160;2020-01-01T14:12:32;99870.00;;;7.09;69.25
141;BME280;65;48.778;9.160;2020-01-01T14:15:01;99869.00;;;7.06;68.85
141;BME280;65;48.778;9.160;2020-01-01T14:17:26;99868.00;;;7.06;68.99
141;BME280;65;48.778;9.160;2020-01-01T14:19:52;99856.00;;;7.28;68.01
141;BME280;65;48.778;9.160;2020-01-01T14:22:18;99855.00;;;7.31;67.02
141;BME280;65;48.778;9.160;2020-01-01T14:24:43;99864.00;;;7.08;68.10
141;BME280;65;48.778;9.160;2020-01-01T14:27:09;99863.00;;;6.93;69.20
141;BME280;65;48.778;9.160;2020-01-01T14:29:35;99858.00;;;6.82;68.66
141;BME280;65;48.778;9.160;2020-01-01T14:32:00;99855.00;;;6.88;68.19
141;BME280;65;48.778;9.160;2020-01-01T14:34:26;99862.00;;;6.78;68.65
141;BME280;65;48.778;9.160;2020-01-01T14:36:52;99860.00;;;6.80;68.60
141;BME280;65;48.778;9.160;2020-01-01T14:39:19;99865.00;;;6.74;69.30
141;BME280;65;48.778;9.160;2020-01-01T14:41:57;99869.00;;;6.73;69.68
141;BME280;65;48.778;9.160;2020-01-01T14:44:24;99868.00;;;6.63;69.65
141;BME280;65;48.778;9.160;2020-01-01T14:46:50;99881.00;;;6.74;69.74
141;BME280;65;48.778;9.160;2020-01-01T14:49:15;99878.00;;;6.66;69.70
141;BME280;65;48.778;9.160;2020-01-01T14:51:41;99875.00;;;6.55;70.79
141;BME280;65;48.778;9.160;2020-01-01T14:54:06;99877.00;;;6.53;71.21
141;BME280;65;48.778;9.160;2020-01-01T14:56:32;99876.00;;;6.46;71.32
141;BME280;65;48.778;9.160;2020-01-01T14:58:58;99876.00;;;6.36;72.33
141;BME280;65;48.778;9.160;2020-01-01T15:01:23;99878.00;;;6.47;71.74
141;BME280;65;48.778;9.160;2020-01-01T15:03:49;99879.00;;;6.46;71.42
141;BME280;65;48.778;9.160;2020-01-01T15:08:07;99877.00;;;6.39;71.91
141;BME280;65;48.778;9.160;2020-01-01T15:10:33;99871.00;;;6.17;73.42
141;BME280;65;48.778;9.160;2020-01-01T15:12:58;99870.00;;;6.12;73.92
141;BME280;65;48.778;9.160;2020-01-01T15:15:24;99874.00;;;6.05;74.36
141;BME280;65;48.778;9.160;2020-01-01T15:17:50;99872.00;;;6.01;74.60
141;BME280;65;48.778;9.160;2020-01-01T15:20:15;99875.00;;;5.98;74.81
141;BME280;65;48.778;9.160;2020-01-01T15:22:41;99877.00;;;5.90;75.46
141;BME280;65;48.778;9.160;2020-01-01T15:25:06;99863.00;;;5.87;75.65
141;BME280;65;48.778;9.160;2020-01-01T15:27:32;99862.00;;;5.90;75.82
141;BME280;65;48.778;9.160;2020-01-01T15:29:58;99860.00;;;5.77;76.19
141;BME280;65;48.778;9.160;2020-01-01T15:32:23;99868.00;;;5.76;76.81
141;BME280;65;48.778;9.160;2020-01-01T15:34:49;99873.00;;;5.62;77.03
141;BME280;65;48.778;9.160;2020-01-01T15:37:15;99880.00;;;5.50;77.71
141;BME280;65;48.778;9.160;2020-01-01T15:39:40;99877.00;;;5.28;79.47
141;BME280;65;48.778;9.160;2020-01-01T15:42:06;99884.00;;;5.50;79.27
141;BME280;65;48.778;9.160;2020-01-01T15:44:32;99885.00;;;5.53;78.69
141;BME280;65;48.778;9.160;2020-01-01T15:46:57;99884.00;;;5.51;78.60
141;BME280;65;48.778;9.160;2020-01-01T15:49:23;99884.00;;;5.64;77.76
141;BME280;65;48.778;9.160;2020-01-01T15:51:48;99892.00;;;5.26;79.13
141;BME280;65;48.778;9.160;2020-01-01T15:54:14;99896.00;;;5.07;80.01
141;BME280;65;48.778;9.160;2020-01-01T15:56:40;99895.00;;;5.06;80.68
141;BME280;65;48.778;9.160;2020-01-01T15:59:05;99893.00;;;5.17;80.25
141;BME280;65;48.778;9.160;2020-01-01T16:01:31;99893.00;;;5.11;80.53
141;BME280;65;48.778;9.160;2020-01-01T16:03:57;99902.00;;;5.12;80.47
141;BME280;65;48.778;9.160;2020-01-01T16:06:22;99901.00;;;4.90;81.36
141;BME280;65;48.778;9.160;2020-01-01T16:08:48;99898.00;;;4.79;82.26
141;BME280;65;48.778;9.160;2020-01-01T16:11:14;99895.00;;;4.85;81.98
141;BME280;65;48.778;9.160;2020-01-01T16:13:39;99895.00;;;4.72;82.62
141;BME280;65;48.778;9.160;2020-01-01T16:16:05;99890.00;;;4.56;83.37
141;BME280;65;48.778;9.160;2020-01-01T16:18:31;99899.00;;;4.38;84.90
141;BME280;65;48.778;9.160;2020-01-01T16:20:56;99910.00;;;4.40;85.04
141;BME280;65;48.778;9.160;2020-01-01T16:23:22;99905.00;;;4.40;84.78
141;BME280;65;48.778;9.160;2020-01-01T16:25:47;99897.00;;;4.48;84.45
141;BME280;65;48.778;9.160;2020-01-01T16:28:13;99897.00;;;4.54;83.55
141;BME280;65;48.778;9.160;2020-01-01T16:30:39;99902.00;;;4.54;83.88
141;BME280;65;48.778;9.160;2020-01-01T16:33:04;99902.00;;;4.33;84.46
141;BME280;65;48.778;9.160;2020-01-01T16:35:30;99909.00;;;4.33;84.79
141;BME280;65;48.778;9.160;2020-01-01T16:37:56;99900.00;;;4.37;84.75
141;BME280;65;48.778;9.160;2020-01-01T16:40:21;99908.00;;;4.32;83.96
141;BME280;65;48.778;9.160;2020-01-01T16:42:47;99906.00;;;4.21;84.94
141;BME280;65;48.778;9.160;2020-01-01T16:45:13;99898.00;;;4.11;85.68
141;BME280;65;48.778;9.160;2020-01-01T16:47:38;99898.00;;;4.04;86.57
141;BME280;65;48.778;9.160;2020-01-01T16:50:04;99906.00;;;4.28;85.90
141;BME280;65;48.778;9.160;2020-01-01T16:52:29;99897.00;;;4.16;85.44
141;BME280;65;48.778;9.160;2020-01-01T16:54:55;99892.00;;;4.07;85.92
141;BME280;65;48.778;9.160;2020-01-01T16:57:21;99895.00;;;3.84;87.63
141;BME280;65;48.778;9.160;2020-01-01T16:59:46;99901.00;;;3.75;88.20
141;BME280;65;48.778;9.160;2020-01-01T17:02:12;99893.00;;;3.87;88.02
141;BME280;65;48.778;9.160;2020-01-01T17:04:38;99893.00;;;3.96;87.30
141;BME280;65;48.778;9.160;2020-01-01T17:07:03;99896.00;;;4.06;86.29
141;BME280;65;48.778;9.160;2020-01-01T17:09:29;99894.00;;;3.88;87.17
141;BME280;65;48.778;9.160;2020-01-01T17:11:55;99902.00;;;3.77;87.80
141;BME280;65;48.778;9.160;2020-01-01T17:14:20;99904.00;;;3.69;88.54
141;BME280;65;48.778;9.160;2020-01-01T17:16:46;99899.00;;;3.69;88.53
141;BME280;65;48.778;9.160;2020-01-01T17:19:11;99889.00;;;3.77;88.69
141;BME280;65;48.778;9.160;2020-01-01T17:21:37;99890.00;;;3.91;87.54
141;BME280;65;48.778;9.160;2020-01-01T17:24:03;99883.00;;;3.95;87.11
141;BME280;65;48.778;9.160;2020-01-01T17:26:28;99886.00;;;4.00;87.06
141;BME280;65;48.778;9.160;2020-01-01T17:28:54;99884.00;;;4.12;86.07
141;BME280;65;48.778;9.160;2020-01-01T17:31:20;99898.00;;;4.00;86.28
141;BME280;65;48.778;9.160;2020-01-01T17:33:58;99895.00;;;3.88;86.79
141;BME280;65;48.778;9.160;2020-01-01T17:36:29;99893.00;;;3.95;86.96
141;BME280;65;48.778;9.160;2020-01-01T17:38:55;99901.00;;;3.98;86.46
141;BME280;65;48.778;9.160;2020-01-01T17:41:20;99893.00;;;3.89;86.81
141;BME280;65;48.778;9.160;2020-01-01T17:43:46;99897.00;;;3.64;87.94
141;BME280;65;48.778;9.160;2020-01-01T17:46:11;99896.00;;;3.57;88.72
141;BME280;65;48.778;9.160;2020-01-01T17:48:37;99895.00;;;3.63;88.34
141;BME280;65;48.778;9.160;2020-01-01T17:51:03;99906.00;;;3.52;89.18
141;BME280;65;48.778;9.160;2020-01-01T17:53:28;99903.00;;;3.61;89.09
141;BME280;65;48.778;9.160;2020-01-01T17:55:54;99906.00;;;3.62;88.67
141;BME280;65;48.778;9.160;2020-01-01T17:58:20;99903.00;;;3.41;90.00
141;BME280;65;48.778;9.160;2020-01-01T18:00:45;99907.00;;;3.28;90.95
141;BME280;65;48.778;9.160;2020-01-01T18:03:11;99903.00;;;3.22;92.24
141;BME280;65;48.778;9.160;2020-01-01T18:05:37;99898.00;;;3.36;91.17
141;BME280;65;48.778;9.160;2020-01-01T18:08:02;99902.00;;;3.44;90.32
141;BME280;65;48.778;9.160;2020-01-01T18:10:28;99895.00;;;3.49;89.98
141;BME280;65;48.778;9.160;2020-01-01T18:12:55;99896.00;;;3.45;90.18
141;BME280;65;48.778;9.160;2020-01-01T18:15:20;99896.00;;;3.54;89.18
141;BME280;65;48.778;9.160;2020-01-01T18:17:46;99891.00;;;3.61;88.70
141;BME280;65;48.778;9.160;2020-01-01T18:20:12;99889.00;;;3.38;89.67
141;BME280;65;48.778;9.160;2020-01-01T18:22:39;99893.00;;;3.23;90.63
141;BME280;65;48.778;9.160;2020-01-01T18:25:05;99895.00;;;3.12;91.98
141;BME280;65;48.778;9.160;2020-01-01T18:27:31;99899.00;;;3.36;91.19
141;BME280;65;48.778;9.160;2020-01-01T18:29:56;99900.00;;;3.27;90.45
141;BME280;65;48.778;9.160;2020-01-01T18:32:22;99896.00;;;3.12;92.10
141;BME280;65;48.778;9.160;2020-01-01T18:34:48;99895.00;;;3.19;92.11
141;BME280;65;48.778;9.160;2020-01-01T18:37:14;99897.00;;;3.38;91.00
141;BME280;65;48.778;9.160;2020-01-01T18:39:40;99896.00;;;3.33;90.02
141;BME280;65;48.778;9.160;2020-01-01T18:42:05;99905.00;;;3.18;90.95
141;BME280;65;48.778;9.160;2020-01-01T18:44:31;99898.00;;;3.17;91.38
141;BME280;65;48.778;9.160;2020-01-01T18:46:56;99900.00;;;3.24;91.51
141;BME280;65;48.778;9.160;2020-01-01T18:49:22;99896.00;;;3.09;91.68
141;BME280;65;48.778;9.160;2020-01-01T18:51:48;99894.00;;;3.02;92.31
141;BME280;65;48.778;9.160;2020-01-01T18:54:14;99896.00;;;2.87;93.21
141;BME280;65;48.778;9.160;2020-01-01T18:56:40;99899.00;;;3.03;93.12
141;BME280;65;48.778;9.160;2020-01-01T18:59:05;99886.00;;;2.84;94.28
141;BME280;65;48.778;9.160;2020-01-01T19:01:31;99891.00;;;2.93;94.52
141;BME280;65;48.778;9.160;2020-01-01T19:03:57;99894.00;;;3.11;92.66
141;BME280;65;48.778;9.160;2020-01-01T19:06:22;99894.00;;;3.30;91.47
141;BME280;65;48.778;9.160;2020-01-01T19:08:48;99887.00;;;2.99;91.96
141;BME280;65;48.778;9.160;2020-01-01T19:11:13;99889.00;;;2.83;93.81
141;BME280;65;48.778;9.160;2020-01-01T19:13:39;99888.00;;;2.98;92.76
141;BME280;65;48.778;9.160;2020-01-01T19:16:05;99880.00;;;2.90;93.38
141;BME280;65;48.778;9.160;2020-01-01T19:18:30;99893.00;;;2.85;93.72
141;BME280;65;48.778;9.160;2020-01-01T19:20:56;99891.00;;;2.95;92.62
141;BME280;65;48.778;9.160;2020-01-01T19:23:22;99896.00;;;2.93;92.63
141;BME280;65;48.778;9.160;2020-01-01T19:25:47;99898.00;;;2.85;93.30
141;BME280;65;48.778;9.160;2020-01-01T19:28:13;99895.00;;;2.80;93.77
141;BME280;65;48.778;9.160;2020-01-01T19:30:39;99894.00;;;2.87;93.36
141;BME280;65;48.778;9.160;2020-01-01T19:33:04;99896.00;;;2.76;93.43
141;BME280;65;48.778;9.160;2020-01-01T19:35:30;99894.00;;;2.72;94.44
141;BME280;65;48.778;9.160;2020-01-01T19:37:55;99884.00;;;2.79;93.69
141;BME280;65;48.778;9.160;2020-01-01T19:40:21;99891.00;;;2.75;93.04
141;BME280;65;48.778;9.160;2020-01-01T19:42:47;99896.00;;;2.62;93.57
141;BME280;65;48.778;9.160;2020-01-01T19:45:12;99893.00;;;2.67;94.07
141;BME280;65;48.778;9.160;2020-01-01T19:47:38;99899.00;;;2.81;92.82
141;BME280;65;48.778;9.160;2020-01-01T19:50:04;99899.00;;;2.86;92.41
141;BME280;65;48.778;9.160;2020-01-01T19:52:29;99895.00;;;2.80;92.17
141;BME280;65;48.778;9.160;2020-01-01T19:54:55;99896.00;;;2.78;92.70
141;BME280;65;48.778;9.160;2020-01-01T19:57:21;99891.00;;;2.84;92.18
141;BME280;65;48.778;9.160;2020-01-01T19:59:46;99899.00;;;2.61;92.13
141;BME280;65;48.778;9.160;2020-01-01T20:02:12;99886.00;;;2.41;94.55
141;BME280;65;48.778;9.160;2020-01-01T20:04:38;99888.00;;;2.57;94.37
141;BME280;65;48.778;9.160;2020-01-01T20:07:04;99885.00;;;2.59;93.49
141;BME280;65;48.778;9.160;2020-01-01T20:09:29;99889.00;;;2.55;94.85
141;BME280;65;48.778;9.160;2020-01-01T20:11:55;99894.00;;;2.52;94.62
141;BME280;65;48.778;9.160;2020-01-01T20:14:21;99898.00;;;2.57;93.32
141;BME280;65;48.778;9.160;2020-01-01T20:16:46;99886.00;;;2.50;93.97
141;BME280;65;48.778;9.160;2020-01-01T20:19:12;99891.00;;;2.56;94.17
141;BME280;65;48.778;9.160;2020-01-01T20:21:57;99888.00;;;2.42;94.24
141;BME280;65;48.778;9.160;2020-01-01T20:24:22;99886.00;;;2.56;93.79
141;BME280;65;48.778;9.160;2020-01-01T20:26:48;99891.00;;;2.29;94.95
141;BME280;65;48.778;9.160;2020-01-01T20:29:13;99886.00;;;2.41;95.34
141;BME280;65;48.778;9.160;2020-01-01T20:31:39;99892.00;;;2.31;94.82
141;BME280;65;48.778;9.160;2020-01-01T20:34:05;99892.00;;;2.46;95.34
141;BME280;65;48.778;9.160;2020-01-01T20:36:31;99900.00;;;2.28;95.53
141;BME280;65;48.778;9.160;2020-01-01T20:38:56;99895.00;;;2.33;95.55
141;BME280;65;48.778;9.160;2020-01-01T20:41:22;99887.00;;;2.37;95.01
141;BME280;65;48.778;9.160;2020-01-01T20:43:48;99882.00;;;2.33;95.18
141;BME280;65;48.778;9.160;2020-01-01T20:46:13;99891.00;;;2.35;94.17
141;BME280;65;48.778;9.160;2020-01-01T20:48:39;99878.00;;;2.33;94.73
141;BME280;65;48.778;9.160;2020-01-01T20:51:07;99875.00;;;2.44;94.32
141;BME280;65;48.778;9.160;2020-01-01T20:53:33;99875.00;;;2.44;93.88
141;BME280;65;48.778;9.160;2020-01-01T20:55:59;99872.00;;;2.42;94.03
141;BME280;65;48.778;9.160;2020-01-01T20:58:24;99868.00;;;2.40;93.28
141;BME280;65;48.778;9.160;2020-01-01T21:00:50;99868.00;;;2.52;92.92
141;BME280;65;48.778;9.160;2020-01-01T21:03:16;99871.00;;;2.38;92.63
141;BME280;65;48.778;9.160;2020-01-01T21:05:41;99868.00;;;2.10;94.93
141;BME280;65;48.778;9.160;2020-01-01T21:08:07;99863.00;;;2.15;95.31
141;BME280;65;48.778;9.160;2020-01-01T21:10:33;99855.00;;;2.13;95.88
141;BME280;65;48.778;9.160;2020-01-01T21:12:58;99853.00;;;2.18;95.58
141;BME280;65;48.778;9.160;2020-01-01T21:15:24;99855.00;;;2.01;95.69
141;BME280;65;48.778;9.160;2020-01-01T21:17:49;99850.00;;;2.05;95.07
141;BME280;65;48.778;9.160;2020-01-01T21:20:15;99852.00;;;2.28;94.87
141;BME280;65;48.778;9.160;2020-01-01T21:22:41;99849.00;;;2.47;92.27
141;BME280;65;48.778;9.160;2020-01-01T21:25:25;99846.00;;;2.54;91.54
141;BME280;65;48.778;9.160;2020-01-01T21:28:05;99847.00;;;2.30;91.90
141;BME280;65;48.778;9.160;2020-01-01T21:30:31;99845.00;;;2.16;92.05
141;BME280;65;48.778;9.160;2020-01-01T21:32:57;99848.00;;;2.18;93.43
141;BME280;65;48.778;9.160;2020-01-01T21:35:23;99840.00;;;2.10;93.08
141;BME280;65;48.778;9.160;2020-01-01T21:37:48;99839.00;;;2.22;92.92
141;BME280;65;48.778;9.160;2020-01-01T21:40:14;99834.00;;;2.25;92.66
141;BME280;65;48.778;9.160;2020-01-01T21:42:40;99844.00;;;2.28;92.22
141;BME280;65;48.778;9.160;2020-01-01T21:45:07;99833.00;;;2.06;92.24
141;BME280;65;48.778;9.160;2020-01-01T21:47:33;99839.00;;;2.16;92.20
141;BME280;65;48.778;9.160;2020-01-01T21:49:59;99832.00;;;2.09;91.69
141;BME280;65;48.778;9.160;2020-01-01T21:52:24;99837.00;;;1.96;92.79
141;BME280;65;48.778;9.160;2020-01-01T21:54:51;99837.00;;;1.78;94.95
141;BME280;65;48.778;9.160;2020-01-01T21:57:17;99824.00;;;2.04;94.47
141;BME280;65;48.778;9.160;2020-01-01T21:59:43;99829.00;;;2.23;92.59
141;BME280;65;48.778;9.160;2020-01-01T22:02:10;99829.00;;;2.24;92.41
141;BME280;65;48.778;9.160;2020-01-01T22:04:36;99818.00;;;2.11;93.17
141;BME280;65;48.778;9.160;2020-01-01T22:07:02;99820.00;;;2.07;92.85
141;BME280;65;48.778;9.160;2020-01-01T22:09:30;99823.00;;;2.19;92.84
141;BME280;65;48.778;9.160;2020-01-01T22:11:56;99821.00;;;2.30;92.09
141;BME280;65;48.778;9.160;2020-01-01T22:14:21;99824.00;;;2.35;91.45
141;BME280;65;48.778;9.160;2020-01-01T22:16:47;99820.00;;;2.23;91.44
141;BME280;65;48.778;9.160;2020-01-01T22:19:13;99821.00;;;2.25;91.82
141;BME280;65;48.778;9.160;2020-01-01T22:21:38;99822.00;;;2.22;92.11
141;BME280;65;48.778;9.160;2020-01-01T22:24:04;99817.00;;;2.26;91.68
141;BME280;65;48.778;9.160;2020-01-01T22:26:30;99802.00;;;2.22;90.98
141;BME280;65;48.778;9.160;2020-01-01T22:28:55;99815.00;;;2.11;91.72
141;BME280;65;48.778;9.160;2020-01-01T22:31:21;99807.00;;;2.08;91.57
141;BME280;65;48.778;9.160;2020-01-01T22:33:47;99800.00;;;2.02;92.48
141;BME280;65;48.778;9.160;2020-01-01T22:36:12;99795.00;;;1.88;92.96
141;BME280;65;48.778;9.160;2020-01-01T22:38:38;99799.00;;;1.88;93.64
141;BME280;65;48.778;9.160;2020-01-01T22:41:04;99794.00;;;1.85;93.30
141;BME280;65;48.778;9.160;2020-01-01T22:43:29;99798.00;;;1.95;93.09
141;BME280;65;48.778;9.160;2020-01-01T22:45:55;99794.00;;;1.77;94.35
141;BME280;65;48.778;9.160;2020-01-01T22:48:21;99799.00;;;1.71;95.09
141;BME280;65;48.778;9.160;2020-01-01T22:50:47;99785.00;;;1.75;95.09
141;BME280;65;48.778;9.160;2020-01-01T22:53:12;99776.00;;;1.79;95.19
141;BME280;65;48.778;9.160;2020-01-01T22:55:38;99778.00;;;1.77;95.22
141;BME280;65;48.778;9.160;2020-01-01T22:58:04;99774.00;;;1.84;95.30
141;BME280;65;48.778;9.160;2020-01-01T23:00:29;99775.00;;;2.02;93.45
141;BME280;65;48.778;9.160;2020-01-01T23:02:55;99777.00;;;1.89;93.88
141;BME280;65;48.778;9.160;2020-01-01T23:05:20;99780.00;;;1.86;94.22
141;BME280;65;48.778;9.160;2020-01-01T23:07:46;99783.00;;;1.88;94.33
141;BME280;65;48.778;9.160;2020-01-01T23:10:12;99792.00;;;1.77;94.49
141;BME280;65;48.778;9.160;2020-01-01T23:12:38;99794.00;;;1.77;94.67
141;BME280;65;48.778;9.160;2020-01-01T23:15:03;99787.00;;;1.81;94.54
141;BME280;65;48.778;9.160;2020-01-01T23:17:29;99785.00;;;1.69;94.70
141;BME280;65;48.778;9.160;2020-01-01T23:19:55;99790.00;;;1.75;95.05
141;BME280;65;48.778;9.160;2020-01-01T23:22:20;99785.00;;;1.72;95.02
141;BME280;65;48.778;9.160;2020-01-01T23:24:46;99780.00;;;1.75;95.34
141;BME280;65;48.778;9.160;2020-01-01T23:27:12;99784.00;;;1.70;95.24
141;BME280;65;48.778;9.160;2020-01-01T23:29:37;99778.00;;;1.72;95.57
141;BME280;65;48.778;9.160;2020-01-01T23:32:03;99781.00;;;1.52;96.62
141;BME280;65;48.778;9.160;2020-01-01T23:34:28;99781.00;;;1.52;97.16
141;BME280;65;48.778;9.160;2020-01-01T23:36:56;99780.00;;;1.51;97.58
141;BME280;65;48.778;9.160;2020-01-01T23:39:22;99781.00;;;1.57;97.59
141;BME280;65;48.778;9.160;2020-01-01T23:41:47;99783.00;;;1.65;96.42
141;BME280;65;48.778;9.160;2020-01-01T23:44:13;99778.00;;;1.64;96.48
141;BME280;65;48.778;9.160;2020-01-01T23:46:39;99776.00;;;1.64;95.83
141;BME280;65;48.778;9.160;2020-01-01T23:49:04;99769.00;;;1.93;94.47
141;BME280;65;48.778;9.160;2020-01-01T23:51:30;99770.00;;;1.82;93.61
141;BME280;65;48.778;9.160;2020-01-01T23:53:56;99766.00;;;1.93;93.24
141;BME280;65;48.778;9.160;2020-01-01T23:56:21;99776.00;;;1.93;93.44
141;BME280;65;48.778;9.160;2020-01-01T23:58:47;99770.00;;;1.91;92.48
